"Window","Show Ruler Context Menu","Ctrl+F10","Editing Text","org.eclipse.ui.edit.text.showRulerContextMenu"
"Run/Debug","Close Rendering","Ctrl+W","In Memory View","org.eclipse.debug.ui.commands.closeRendering"
"File","Rename","F2","In Windows","org.eclipse.ui.edit.rename"
"View","Zoom In","Ctrl++","In Windows","org.eclipse.gef.zoom_in"
"Project","Build All","Ctrl+B","In Windows","org.eclipse.ui.project.buildAll"
"Edit","Quick Fix","Ctrl+1","In Dialogs and Windows","org.eclipse.jdt.ui.edit.text.java.correction.assist.proposals"
"Text Editing","Delete to End of Line","Ctrl+Shift+Delete","Editing Text","org.eclipse.ui.edit.text.delete.line.to.end"
"Views","Show View (Variables)","Alt+Shift+Q, V","In Windows","org.eclipse.ui.views.showView"
"Navigate","Next","Ctrl+.","In Windows","org.eclipse.ui.navigate.next"
"Views","Show View (Breakpoints)","Alt+Shift+Q, B","In Windows","org.eclipse.ui.views.showView"
"Text Editing","Line Start","Home","Editing Text","org.eclipse.ui.edit.text.goto.lineStart"
"Edit","Add Block Comment","Ctrl+Shift+/","Editing in Structured Text Editors","org.eclipse.wst.sse.ui.add.block.comment"
"Text Editing","Insert Line Below Current Line","Shift+Enter","Editing Text","org.eclipse.ui.edit.text.smartEnter"
"Git","Push to Upstream","Ctrl+Shift+P","In Windows","org.eclipse.egit.ui.team.SimplePush"
"Views","Show View (Package Explorer)","Alt+Shift+Q, P","In Windows","org.eclipse.ui.views.showView"
"Source","Toggle Comment","Ctrl+Shift+C","Editing Properties Files","org.eclipse.jdt.ui.edit.text.java.toggle.comment"
"Run/Debug","Run Java Application","Alt+Shift+X, J","In Windows","org.eclipse.jdt.debug.ui.localJavaShortcut.run"
"Text Editing","Copy Lines","Ctrl+Alt+Down","Editing Text","org.eclipse.ui.edit.text.copyLineDown"
"Edit","Incremental Find Reverse","Ctrl+Shift+J","Editing Text","org.eclipse.ui.edit.findIncrementalReverse"
"Navigate","Go to Line","Ctrl+L","Editing Text","org.eclipse.ui.edit.text.goto.line"
"Edit","Context Information","Ctrl+Shift+Space","In Dialogs and Windows","org.eclipse.ui.edit.text.contentAssist.contextInformation"
"Window","Update Project","Alt+F5","In Windows","org.eclipse.m2e.core.ui.command.updateProject"
"Navigate","Show In Breadcrumb","Alt+Shift+B","Editor Breadcrumb Navigation","org.eclipse.jdt.ui.edit.text.java.gotoBreadcrumb"
"Task Repositories","Open Selected Task","Ctrl+Enter","In Tasks View","org.eclipse.mylyn.tasks.ui.command.openSelectedTask"
"Edit","Find and Replace","Ctrl+F","In Windows","org.eclipse.ui.edit.findReplace"
"Run/Debug","All Instances","Ctrl+Shift+N","In Windows","org.eclipse.jdt.debug.ui.commands.AllInstances"
"Edit","Toggle Comment","Ctrl+Shift+C","Editing in Structured Text Editors","org.eclipse.wst.sse.ui.toggle.comment"
"Source","Toggle Comment","Ctrl+/","Editing Java Source","org.eclipse.jdt.ui.edit.text.java.toggle.comment"
"Text Editing","Select Line Start","Shift+Home","Editing Text","org.eclipse.ui.edit.text.select.lineStart"
"Run/Debug","Skip All Breakpoints","Ctrl+Alt+B","In Windows","org.eclipse.debug.ui.commands.SkipAllBreakpoints"
"Views","Show View (Task List)","Alt+Shift+Q, K","In Windows","org.eclipse.ui.views.showView"
"Window","Activate Editor","F12","In Windows","org.eclipse.ui.window.activateEditor"
"Uncategorized","Show Markup Cheat Sheet","F1","WikiText Markup Source Context","org.eclipse.mylyn.wikitext.ui.editor.showCheatSheetCommand"
"Run/Debug","Display","Ctrl+Shift+D","In Dialogs and Windows","org.eclipse.jdt.debug.ui.commands.Display"
"Source","Open External Documentation","Shift+F2","Editing Ant Buildfiles","org.eclipse.ant.ui.openExternalDoc"
"Text Editing","Move Lines Down","Alt+Down","Editing Text","org.eclipse.ui.edit.text.moveLineDown"
"Text Editing","Text Start","Ctrl+Home","Editing Text","org.eclipse.ui.edit.text.goto.textStart"
"Source","Quick Assist - Extract method","Ctrl+2, M","Editing Java Source","org.eclipse.jdt.ui.correction.extractMethodInplace.assist"
"Navigate","Previous","Ctrl+,","In Windows","org.eclipse.ui.navigate.previous"
"Text Editing","Line End","End","Editing Text","org.eclipse.ui.edit.text.goto.lineEnd"
"Text Editing","Open Hyperlink","F3","in Generic Code Editor","org.eclipse.ui.edit.text.open.hyperlink"
"Edit","Find Previous","Ctrl+Shift+K","Editing Text","org.eclipse.ui.edit.findPrevious"
"Edit","Redo","Ctrl+Y","In Dialogs and Windows","org.eclipse.ui.edit.redo"
"Navigate","Open Call Hierarchy","Ctrl+Alt+H","In Windows","org.eclipse.jdt.ui.edit.text.java.open.call.hierarchy"
"Run/Debug","Coverage Eclipse Application","Alt+Shift+E, E","In Windows","org.eclipse.eclemma.ui.workbenchShortcut.coverage"
"Edit","Delete","Delete","In Windows","org.eclipse.ui.edit.delete"
"Search","Open Search Dialog","Ctrl+H","In Windows","org.eclipse.search.ui.openSearchDialog"
"Source","Toggle Comment","Ctrl+/","Editing Properties Files","org.eclipse.jdt.ui.edit.text.java.toggle.comment"
"Run/Debug","Coverage TestNG Suite","Alt+Shift+E, G","In Windows","org.eclipse.eclemma.ui.testNgSuiteShortcut.coverage"
"Focused UI","Show Context Quick View","Ctrl+Alt+Shift+Right","In Windows","org.eclipse.mylyn.context.ui.commands.open.context.dialog"
"Views","Show View (Problems)","Alt+Shift+Q, X","In Windows","org.eclipse.ui.views.showView"
"Window","Switch to Editor","Ctrl+Shift+E","In Windows","org.eclipse.ui.window.switchToEditor"
"Navigate","Open Attached Javadoc","Shift+F2","In Windows","org.eclipse.jdt.ui.edit.text.java.open.external.javadoc"
"Text Editing","Zoom In","Ctrl+=","Editing Text","org.eclipse.ui.edit.text.zoomIn"
"Navigate","Open Maven POM","Alt+Shift+P","In Windows","org.eclipse.m2e.core.ui.command.openPom"
"Text Editing","Zoom Out","Ctrl+-","Editing Text","org.eclipse.ui.edit.text.zoomOut"
"Run/Debug","Debug Java Application","Alt+Shift+D, J","In Windows","org.eclipse.jdt.debug.ui.localJavaShortcut.debug"
"File","Export","Ctrl+E","In Windows","org.eclipse.ui.file.export"
"Edit","Quick Diff Toggle","Ctrl+Shift+Q","Editing Text","org.eclipse.quickdiff.toggle"
"Text Editing","Delete Line","Ctrl+D","Editing Text","org.eclipse.ui.edit.text.delete.line"
"Edit","Format Active Elements","Ctrl+I","Editing in Structured Text Editors","org.eclipse.wst.sse.ui.format.active.elements"
"Run/Debug","Step Into","F5","Debugging","org.eclipse.debug.ui.commands.StepInto"
"Edit","Select Next Element","Alt+Shift+Right","Editing Java Source","org.eclipse.jdt.ui.edit.text.java.select.next"
"Run/Debug","Run Maven Build","Alt+Shift+X, M","In Windows","org.eclipse.m2e.core.pomFileAction.run"
"Refactor - Java","Inline","Alt+Shift+I","In Windows","org.eclipse.jdt.ui.edit.text.java.inline"
"Source","Quick Assist - Rename in file","Ctrl+2, R","Editing Java Source","org.eclipse.jdt.ui.correction.renameInFile.assist"
"Edit","Undo","Ctrl+Z","In Dialogs and Windows","org.eclipse.ui.edit.undo"
"Navigate","Previous Sub-Tab","Alt+PageUp","In Dialogs and Windows","org.eclipse.ui.navigate.previousSubTab"
"Window","Show View Menu","Ctrl+F10","In Dialogs and Windows","org.eclipse.ui.window.showViewMenu"
"Navigate","Next Edit Location","Ctrl+Alt+Right","In Windows","org.eclipse.ui.edit.text.gotoNextEditPosition"
"Window","Toggle Full Screen","Alt+F11","In Dialogs and Windows","org.eclipse.ui.window.fullscreenmode"
"Navigate","Quick Outline","Ctrl+O","Editing Java Source","org.eclipse.jdt.ui.edit.text.java.show.outline"
"Run/Debug","Coverage JUnit Test","Alt+Shift+E, T","In Windows","org.eclipse.eclemma.ui.junitShortcut.coverage"
"Task Repositories","New Local Task","Insert","In Tasks View","org.eclipse.mylyn.tasks.ui.command.new.local.task"
"Source","Remove Occurrence Annotations","Alt+Shift+U","Editing Java Source","org.eclipse.jdt.ui.edit.text.remove.occurrence.annotations"
"Run/Debug","Inspect","Ctrl+Shift+I","In Dialogs and Windows","org.eclipse.jdt.debug.ui.commands.Inspect"
"Navigate","Forward History","Alt+Right","In Windows","org.eclipse.ui.navigate.forwardHistory"
"Window","Find Actions","Ctrl+3","In Windows","org.eclipse.ui.window.quickAccess"
"Source","Surround With Quick Menu","Alt+Shift+Z","In Windows","org.eclipse.jdt.ui.edit.text.java.surround.with.quickMenu"
"Text Editing","Join Lines","Ctrl+Alt+J","Editing Text","org.eclipse.ui.edit.text.join.lines"
"Navigate","Open Type in Hierarchy","Ctrl+Shift+H","In Windows","org.eclipse.jdt.ui.navigate.open.type.in.hierarchy"
"Text Editing","Scroll Line Down","Ctrl+Down","Editing Text","org.eclipse.ui.edit.text.scroll.lineDown"
"Source","Open Declaration","F3","Editing Ant Buildfiles","org.eclipse.ant.ui.open.declaration.command"
"Views","Show View (Error Log)","Alt+Shift+Q, L","In Windows","org.eclipse.ui.views.showView"
"File","Close All","Ctrl+Shift+F4","In Windows","org.eclipse.ui.file.closeAll"
"Navigate","Activate Task","Ctrl+F9","In Windows","org.eclipse.mylyn.tasks.ui.command.activateTask"
"Text Editing","Delete Next Word","Ctrl+Delete","Editing Text","org.eclipse.ui.edit.text.deleteNextWord"
"Text Editing","Collapse","Ctrl+Numpad_Subtract","Editing Text","org.eclipse.ui.edit.text.folding.collapse"
"Edit","Next Sibling","Ctrl+Shift+Down","Editing in Structured Text Editors","org.eclipse.wst.xml.ui.nextSibling"
"Run/Debug","Run JUnit Test","Alt+Shift+X, T","In Windows","org.eclipse.jdt.junit.junitShortcut.run"
"Edit","Select All","Ctrl+A","In Dialogs and Windows","org.eclipse.ui.edit.selectAll"
"Quick Search","Quick Search","Ctrl+Alt+Shift+L","In Windows","org.eclipse.text.quicksearch.commands.quicksearchCommand"
"Edit","Restore Last Selection","Alt+Shift+Down","Editing Java Source","org.eclipse.jdt.ui.edit.text.java.select.last"
"Edit","Paste","Shift+Insert","In Dialogs and Windows","org.eclipse.ui.edit.paste"
"Navigate","Quick Outline","Ctrl+O","Editing in Structured Text Editors","org.eclipse.wst.sse.ui.quick_outline"
"Edit","Toggle Word Wrap","Alt+Shift+Y","Editing Text","org.eclipse.ui.edit.text.toggleWordWrap"
"Edit","Content Assist","Ctrl+Space","In Dialogs and Windows","org.eclipse.ui.edit.text.contentAssist.proposals"
"Edit","Format","Ctrl+Shift+F","Editing in Structured Text Editors","org.eclipse.wst.sse.ui.format.document"
"Edit","Restore Last Selection","Alt+Shift+Down","Editing in Structured Text Editors","org.eclipse.wst.sse.ui.structure.select.last"
"Run/Debug","Coverage Java Application","Alt+Shift+E, J","In Windows","org.eclipse.eclemma.ui.localJavaShortcut.coverage"
"Edit","Toggle Insert Mode","Ctrl+Shift+Insert","Editing Text","org.eclipse.ui.edit.text.toggleInsertMode"
"Run/Debug","Use Step Filters","Shift+F5","In Windows","org.eclipse.debug.ui.commands.ToggleStepFilters"
"Edit","Word Completion","Alt+/","Editing Text","org.eclipse.ui.edit.text.hippieCompletion"
"Edit","Occurrences in File","Ctrl+Shift+A","Editing in Structured Text Editors","org.eclipse.wst.sse.ui.search.find.occurrences"
"Run/Debug","Next Page of Memory","Ctrl+Shift+.","In Table Memory Rendering","org.eclipse.debug.ui.command.nextpage"
"Window","Show Contributing Plug-in","Alt+Shift+F3","In Dialogs and Windows","org.eclipse.ui.window.spy"
"Run/Debug","Coverage SWTBot Test","Alt+Shift+E, S","In Windows","org.eclipse.eclemma.ui.swtBotJunitShortcut.coverage"
"Edit","Previous Sibling","Ctrl+Shift+Up","Editing in Structured Text Editors","org.eclipse.wst.xml.ui.previousSibling"
"Focused UI","Make Less Interesting","Ctrl+Alt+Shift+Down","In Windows","org.eclipse.mylyn.context.ui.commands.interest.decrement"
"Edit","Copy","Ctrl+Insert","In Dialogs and Windows","org.eclipse.ui.edit.copy"
"Run/Debug","Run to Line","Ctrl+R","Debugging","org.eclipse.debug.ui.commands.RunToLine"
"Window","Select Maven Profiles","Ctrl+Alt+P","In Windows","org.eclipse.m2e.profiles.ui.commands.selectMavenProfileCommand"
"Run/Debug","Java Breakpoint Properties","Alt+Enter","In Breakpoints View","org.eclipse.jdt.debug.ui.breakpoint.properties"
"Navigate","Next Sub-Tab","Alt+PageDown","In Dialogs and Windows","org.eclipse.ui.navigate.nextSubTab"
"Edit","Paste","Ctrl+V","In Dialogs and Windows","org.eclipse.ui.edit.paste"
"Run/Debug","Run Gradle Test","Ctrl+Alt+X, G","In Windows","org.eclipse.buildship.ui.shortcut.test.run"
"JAutodoc","Add Javadoc","Ctrl+Alt+J","Editing Java Source","net.sf.jautodoc.commands.AddJavadoc"
"Navigate","Deactivate Task","Ctrl+Shift+F9","In Windows","org.eclipse.mylyn.tasks.ui.command.deactivateAllTasks"
"File","Close","Ctrl+F4","In Windows","org.eclipse.ui.file.close"
"Git","Rename Branch...","F2","In Git Repositories View","org.eclipse.egit.ui.team.RenameBranch"
"Navigate","Open Type Hierarchy","F4","In Windows","org.eclipse.jdt.ui.edit.text.java.open.type.hierarchy"
"Source","Toggle Comment","Ctrl+7","Editing Properties Files","org.eclipse.jdt.ui.edit.text.java.toggle.comment"
"Navigate","Previous Edit Location","Ctrl+Alt+Left","In Windows","org.eclipse.ui.edit.text.gotoLastEditPosition"
"Run/Debug","Toggle Breakpoint","Ctrl+Shift+B","In Windows","org.eclipse.debug.ui.commands.ToggleBreakpoint"
"Refactor - Java","Change Method Signature","Alt+Shift+C","In Windows","org.eclipse.jdt.ui.edit.text.java.modify.method.parameters"
"Git","Commit...","Ctrl+#","In Windows","org.eclipse.egit.ui.team.Commit"
"Edit","Select Enclosing Element","Alt+Shift+Up","Editing in Structured Text Editors","org.eclipse.wst.sse.ui.structure.select.enclosing"
"Task Repositories","Mark Task Unread","Alt+Shift+U","In Tasks Editor","org.eclipse.mylyn.tasks.ui.command.markTaskUnread"
"File","Close","Ctrl+W","In Windows","org.eclipse.ui.file.close"
"Focused UI","Make Landmark","Ctrl+Alt+Shift+Up","In Windows","org.eclipse.mylyn.context.ui.commands.interest.increment"
"Text Editing","Expand All","Ctrl+Numpad_Multiply","Editing Text","org.eclipse.ui.edit.text.folding.expand_all"
"Navigate","Open Type","Ctrl+Shift+T","In Windows","org.eclipse.jdt.ui.navigate.open.type"
"Navigate","Open Remote Task","Ctrl+Alt+Shift+F12","In Windows","org.eclipse.mylyn.tasks.ui.command.openRemoteTask"
"Navigate","Open from Clipboard","Ctrl+Shift+V","In Windows","org.eclipse.jdt.debug.ui.command.OpenFromClipboard"
"Text Editing","Collapse All","Ctrl+Shift+Numpad_Divide","Editing Text","org.eclipse.ui.edit.text.folding.collapse_all"
"Edit","Cut","Ctrl+X","In Dialogs and Windows","org.eclipse.ui.edit.cut"
"Refactor - Java","Rename - Refactoring ","Alt+Shift+R","In Windows","org.eclipse.jdt.ui.edit.text.java.rename.element"
"Focused UI","Focus on Active Task","Alt+Shift+H","In Windows","org.eclipse.mylyn.context.ui.commands.toggle.focus.active.view"
"Run/Debug","Debug","F11","In Windows","org.eclipse.debug.ui.commands.DebugLast"
"Text Editing","Toggle Folding","Ctrl+Numpad_Divide","Editing Text","org.eclipse.ui.edit.text.folding.toggle"
"Run/Debug","Coverage JUnit Plug-in Test","Alt+Shift+E, P","In Windows","org.eclipse.eclemma.ui.junitPluginShortcut.coverage"
"Window","Show System Menu","Alt+-","In Windows","org.eclipse.ui.window.showSystemMenu"
"Window","Maximize Active View or Editor","Ctrl+M","In Windows","org.eclipse.ui.window.maximizePart"
"Source","Toggle Ant Mark Occurrences","Alt+Shift+O","Editing Ant Buildfiles","org.eclipse.ant.ui.toggleMarkOccurrences"
"Navigate","Next Page","Alt+F7","In Windows","org.eclipse.ui.part.nextPage"
"Run/Debug","Execute","Ctrl+U","In Windows","org.eclipse.jdt.debug.ui.commands.Execute"
"Source","Annotate Class File","Ctrl+1","Browsing attached Java Source","org.eclipse.jdt.ui.edit.text.java.annotate.classFile"
"Views","Refresh View (Gradle Tasks)","F5","In Gradle Tasks View","org.eclipse.buildship.ui.commands.refreshtaskview"
"Text Editing","Delete Previous Word","Ctrl+Backspace","Editing Text","org.eclipse.ui.edit.text.deletePreviousWord"
"Navigate","Previous Page","Alt+Shift+F7","In Windows","org.eclipse.ui.part.previousPage"
"Text Editing","To Lower Case","Ctrl+Shift+Y","Editing Text","org.eclipse.ui.edit.text.lowerCase"
"File","Save","Ctrl+S","In Windows","org.eclipse.ui.file.save"
"Edit","Find Next","Ctrl+K","Editing Text","org.eclipse.ui.edit.findNext"
"View","Zoom Out","Ctrl+-","In Windows","org.eclipse.gef.zoom_out"
"View","Zoom In","Ctrl+=","In Windows","org.eclipse.gef.zoom_in"
"Source","Toggle Mark Occurrences","Alt+Shift+O","Editing Java Source","org.eclipse.jdt.ui.edit.text.java.toggleMarkOccurrences"
"Run/Debug","Step Into Selection","Ctrl+F5","Debugging","org.eclipse.jdt.debug.ui.commands.StepIntoSelection"
"Run/Debug","Run Ant Build","Alt+Shift+X, Q","In Windows","org.eclipse.ant.ui.antShortcut.run"
"Source","Show Source Quick Menu","Alt+Shift+S","In Windows","org.eclipse.jdt.ui.edit.text.java.source.quickMenu"
"Text Editing","Insert Line Above Current Line","Ctrl+Shift+Enter","Editing Text","org.eclipse.ui.edit.text.smartEnterInverse"
"Edit","Incremental Find","Ctrl+J","Editing Text","org.eclipse.ui.edit.findIncremental"
"Source","Rename In File","Alt+Shift+R","Editing Ant Buildfiles","org.eclipse.ant.ui.renameInFile"
"Navigate","Backward History","Alt+Left","In Windows","org.eclipse.ui.navigate.backwardHistory"
"Text Editing","Duplicate Lines","Ctrl+Alt+Up","Editing Text","org.eclipse.ui.edit.text.copyLineUp"
"Edit","Cut","Shift+Delete","In Dialogs and Windows","org.eclipse.ui.edit.cut"
"Views","Show View (Synchronize)","Alt+Shift+Q, Y","In Windows","org.eclipse.ui.views.showView"
"Navigate","Go to Matching Bracket","Ctrl+Shift+P","Editing Java Source","org.eclipse.jdt.ui.edit.text.java.goto.matching.bracket"
"Edit","Matching Tag","Ctrl+Shift+>","Editing in Structured Text Editors","org.eclipse.wst.xml.ui.gotoMatchingTag"
"Navigate","Quick Hierarchy","Ctrl+T","Editing Java Source","org.eclipse.jdt.ui.edit.text.java.open.hierarchy"
"Run/Debug","Coverage","Ctrl+Shift+F11","In Windows","org.eclipse.eclemma.ui.commands.CoverageLast"
"Edit","Add Maven Dependency","Ctrl+Shift+D","Editing XML Source","org.eclipse.m2e.core.ui.command.addDependency"
"Edit","Copy","Ctrl+C","In Dialogs and Windows","org.eclipse.ui.edit.copy"
"File","Print","Ctrl+P","In Windows","org.eclipse.ui.file.print"
"JAutodoc","Add Javadoc with Dialog","Ctrl+Alt+I","Editing Java Source","net.sf.jautodoc.commands.AddJavadocDlg"
"Navigate","Go To Previous Unread Task","Alt+Up","In Tasks View","org.eclipse.mylyn.tasks.ui.command.goToPreviousUnread"
"Source","Remove Block Comment","Ctrl+Shift+\","Editing Java Source","org.eclipse.jdt.ui.edit.text.java.remove.block.comment"
"Text Editing","Zoom In","Ctrl++","Editing Text","org.eclipse.ui.edit.text.zoomIn"
"Run/Debug","EOF","Ctrl+Z","In I/O Console","org.eclipse.debug.ui.commands.eof"
"Git","Push Branch...","Ctrl+B, Ctrl+P","In Windows","org.eclipse.egit.ui.team.PushBranch"
"Run/Debug","Step Over","F6","Debugging","org.eclipse.debug.ui.commands.StepOver"
"Navigate","Go to Previous Member","Ctrl+Shift+Up","Editing Java Source","org.eclipse.jdt.ui.edit.text.java.goto.previous.member"
"Source","Toggle Comment","Ctrl+7","Editing Java Source","org.eclipse.jdt.ui.edit.text.java.toggle.comment"
"Window","Previous Perspective","Ctrl+Shift+F8","In Windows","org.eclipse.ui.window.previousPerspective"
"Uncategorized","Find References","Ctrl+Shift+G","in Generic Code Editor","org.eclipse.ui.genericeditor.findReferences"
"Text Editing","Select Next Word","Ctrl+Shift+Right","Editing Text","org.eclipse.ui.edit.text.select.wordNext"
"Task Editor","Submit Task","Alt+Shift+S","In Tasks Editor","org.eclipse.mylyn.tasks.ui.command.submitTask"
"Source","Format","Ctrl+Shift+F","Editing Java Source","org.eclipse.jdt.ui.edit.text.java.format"
"File","New","Ctrl+N","In Windows","org.eclipse.ui.newWizard"
"Task Repositories","Mark Task Read","Alt+Shift+R","In Tasks Editor","org.eclipse.mylyn.tasks.ui.command.markTaskRead"
"Git","Merge","Ctrl+Shift+M","In Windows","org.eclipse.egit.ui.team.Merge"
"Task Repositories","Mark Task Complete","Alt+Shift+C","In Tasks Editor","org.eclipse.mylyn.tasks.ui.command.markTaskComplete"
"Task Repositories","Mark Task Incomplete","Alt+Shift+I","In Tasks Editor","org.eclipse.mylyn.tasks.ui.command.markTaskIncomplete"
"Run/Debug","Go to Address","Ctrl+G","In Table Memory Rendering","org.eclipse.debug.ui.command.gotoaddress"
"Task Repositories","Mark Task Read and Go To Next Unread Task","Alt+Shift+Down","In Tasks View","org.eclipse.mylyn.tasks.ui.command.markTaskReadGoToNextUnread"
"Text Editing","Text End","Ctrl+End","Editing Text","org.eclipse.ui.edit.text.goto.textEnd"
"Navigate","Go to Next Member","Ctrl+Shift+Down","Editing Java Source","org.eclipse.jdt.ui.edit.text.java.goto.next.member"
"Source","Toggle Comment","Ctrl+Shift+C","Editing Java Source","org.eclipse.jdt.ui.edit.text.java.toggle.comment"
"Task Repositories","New Subtask","Shift+Insert","In Tasks View","org.eclipse.mylyn.tasks.ui.command.new.subtask"
"Source","Organize Imports","Ctrl+Shift+O","In Windows","org.eclipse.jdt.ui.edit.text.java.organize.imports"
"Edit","Select Next Element","Alt+Shift+Right","Editing in Structured Text Editors","org.eclipse.wst.sse.ui.structure.select.next"
"Source","Add Block Comment","Ctrl+Shift+/","Editing Java Source","org.eclipse.jdt.ui.edit.text.java.add.block.comment"
"Edit","Add Maven Plugin","Ctrl+Shift+P","Editing XML Source","org.eclipse.m2e.core.ui.command.addPlugin"
"Navigate","Go To Next Unread Task","Alt+Down","In Tasks View","org.eclipse.mylyn.tasks.ui.command.goToNextUnread"
"Git","Copy Path to Clipboard","Ctrl+C","In Git Repositories View","org.eclipse.egit.ui.RepositoriesViewCopyPath"
"Views","Show View (Search)","Alt+Shift+Q, S","In Windows","org.eclipse.ui.views.showView"
"Source","Add Javadoc Comment","Alt+Shift+J","In Windows","org.eclipse.jdt.ui.edit.text.java.add.javadoc.comment"
"Run/Debug","Toggle Memory Monitors Pane","Ctrl+T","In Memory View","org.eclipse.debug.ui.commands.toggleMemoryMonitorsPane"
"File","Properties","Alt+Enter","In Windows","org.eclipse.ui.file.properties"
"Views","Show View (Declaration)","Alt+Shift+Q, D","In Windows","org.eclipse.ui.views.showView"
"Navigate","Open Task","Ctrl+F12","In Windows","org.eclipse.mylyn.tasks.ui.command.openTask"
"Edit","Select Enclosing Element","Alt+Shift+Up","Editing Java Source","org.eclipse.jdt.ui.edit.text.java.select.enclosing"
"Run/Debug","Next Memory Monitor","Ctrl+Alt+N","In Memory View","org.eclipse.debug.ui.commands.nextMemoryBlock"
"Task Repositories","Mark Task Complete","Alt+Shift+C","In Tasks View","org.eclipse.mylyn.tasks.ui.command.markTaskComplete"
"Run/Debug","Coverage Scala Application","Alt+Shift+E, L","In Windows","org.eclipse.eclemma.ui.scalaShortcut.coverage"
"Edit","Select Previous Element","Alt+Shift+Left","Editing Java Source","org.eclipse.jdt.ui.edit.text.java.select.previous"
"Run/Debug","Run","Ctrl+F11","In Windows","org.eclipse.debug.ui.commands.RunLast"
"JAutodoc","Add Header","Ctrl+Alt+K","Editing Java Source","net.sf.jautodoc.commands.AddHeader"
"Views","Show View (Outline)","Alt+Shift+Q, O","In Windows","org.eclipse.ui.views.showView"
"Text Editing","Reset Structure","Ctrl+Shift+Numpad_Multiply","Editing Text","org.eclipse.ui.edit.text.folding.restore"
"Navigate","Matching Character","Ctrl+Shift+P","Editing in Structured Text Editors","org.eclipse.wst.sse.ui.goto.matching.bracket"
"Run/Debug","Force Return","Alt+Shift+F","In Windows","org.eclipse.jdt.debug.ui.commands.ForceReturn"
"Run/Debug","Coverage RAP JUnit Test","Alt+Shift+E, R","In Windows","org.eclipse.eclemma.ui.junitRAPShortcut.coverage"
"Source","Correct Indentation","Ctrl+I","Editing Java Source","org.eclipse.jdt.ui.edit.text.java.indent"
"Text Editing","Scroll Line Up","Ctrl+Up","Editing Text","org.eclipse.ui.edit.text.scroll.lineUp"
"Task Repositories","Mark Task Unread","Alt+Shift+U","In Tasks View","org.eclipse.mylyn.tasks.ui.command.markTaskUnread"
"Git","Quick Outline","Ctrl+O","In Diff Viewer","org.eclipse.egit.ui.commit.DiffEditorQuickOutlineCommand"
"JAutodoc","Add Header with Dialog","Ctrl+Alt+O","Editing Java Source","net.sf.jautodoc.commands.AddHeaderDlg"
"Window","Toggle Split Editor (Vertical)","Ctrl+{","In Windows","org.eclipse.ui.window.splitEditor"
"Navigate","Quick Outline","Ctrl+O","WikiText Markup Source Context","org.eclipse.mylyn.wikitext.ui.quickOutlineCommand"
"Window","Next Perspective","Ctrl+F8","In Windows","org.eclipse.ui.window.nextPerspective"
"File","Close All","Ctrl+Shift+W","In Windows","org.eclipse.ui.file.closeAll"
"Source","Add Import","Ctrl+Shift+M","Editing Java Source","org.eclipse.jdt.ui.edit.text.java.add.import"
"Refactor - Java","Extract Local Variable","Alt+Shift+L","In Windows","org.eclipse.jdt.ui.edit.text.java.extract.local.variable"
"Navigate","Previous Tab","Ctrl+PageUp","In Dialogs and Windows","org.eclipse.ui.navigate.previousTab"
"Run/Debug","New Rendering","Ctrl+N","In Memory View","org.eclipse.debug.ui.commands.newRendering"
"Run/Debug","Terminate","Ctrl+F2","Debugging","org.eclipse.debug.ui.commands.Terminate"
"Edit","Open Selection","F3","Editing in Structured Text Editors","org.eclipse.wst.sse.ui.open.file.from.source"
"Task Repositories","Mark Task Read and Go To Previous Unread Task","Alt+Shift+Up","In Tasks View","org.eclipse.mylyn.tasks.ui.command.markTaskReadGoToPreviousUnread"
"Edit","Toggle Block Selection","Alt+Shift+A","Editing Text","org.eclipse.ui.edit.text.toggleBlockSelectionMode"
"Views","Show View (Javadoc)","Alt+Shift+Q, J","In Windows","org.eclipse.ui.views.showView"
"Text Editing","Next Word","Ctrl+Right","Editing Text","org.eclipse.ui.edit.text.goto.wordNext"
"Views","Show View (Console)","Alt+Shift+Q, C","In Windows","org.eclipse.ui.views.showView"
"Task Repositories","Mark Task Incomplete","Alt+Shift+I","In Tasks View","org.eclipse.mylyn.tasks.ui.command.markTaskIncomplete"
"Run/Debug","Step Return","F7","Debugging","org.eclipse.debug.ui.commands.StepReturn"
"Source","Format","Ctrl+Shift+F","Editing Ant Buildfiles","org.eclipse.jdt.ui.edit.text.java.format"
"Views","Show View (History)","Alt+Shift+Q, Z","In Windows","org.eclipse.ui.views.showView"
"Run/Debug","Run Java Applet","Alt+Shift+X, A","In Windows","org.eclipse.jdt.debug.ui.javaAppletShortcut.run"
"Refactor - Java","Move - Refactoring ","Alt+Shift+V","In Windows","org.eclipse.jdt.ui.edit.text.java.move.element"
"Edit","Select Previous Element","Alt+Shift+Left","Editing in Structured Text Editors","org.eclipse.wst.sse.ui.structure.select.previous"
"Text Editing","Expand","Ctrl+Numpad_Add","Editing Text","org.eclipse.ui.edit.text.folding.expand"
"Task Repositories","Quick Outline","Ctrl+O","In Tasks Editor","org.eclipse.mylyn.task.ui.editor.QuickOutline"
"Search","Declaration in Workspace","Ctrl+G","In Windows","org.eclipse.jdt.ui.edit.text.java.search.declarations.in.workspace"
"Uncategorized","Copy Commit Id","Ctrl+C","In Git Reflog View","org.eclipse.egit.ui.internal.reflog.CopyCommand"
"Navigate","Quick Outline","Ctrl+Shift+O","Task Markup Editor Source Context","org.eclipse.mylyn.wikitext.ui.quickOutlineCommand"
"Window","Toggle Split Editor (Horizontal)","Ctrl+_","In Windows","org.eclipse.ui.window.splitEditor"
"Git","Collapse Working Tree","Ctrl+Left","In Git Repositories View","org.eclipse.egit.ui.RepositoriesViewCollapseWorkingTree"
"Window","Next View","Ctrl+F7","In Windows","org.eclipse.ui.window.nextView"
"Run/Debug","Coverage TestNG Test","Alt+Shift+E, N","In Windows","org.eclipse.eclemma.ui.testNgShortcut.coverage"
"Navigate","Search Repository for Task","Ctrl+Shift+F12","In Windows","org.eclipse.mylyn.tasks.ui.command.searchForTask"
"Source","Quick Assist - Assign to local variable","Ctrl+2, L","Editing Java Source","org.eclipse.jdt.ui.correction.assignToLocal.assist"
"Run/Debug","Previous Page of Memory","Ctrl+Shift+,","In Table Memory Rendering","org.eclipse.debug.ui.command.prevpage"
"Refactor - Java","Extract Method","Alt+Shift+M","In Windows","org.eclipse.jdt.ui.edit.text.java.extract.method"
"Window","Previous View","Ctrl+Shift+F7","In Windows","org.eclipse.ui.window.previousView"
"Edit","Remove Block Comment","Ctrl+Shift+\","Editing in Structured Text Editors","org.eclipse.wst.sse.ui.remove.block.comment"
"Navigate","Next Tab","Ctrl+PageDown","In Dialogs and Windows","org.eclipse.ui.navigate.nextTab"
"Navigate","Show In Breadcrumb","Alt+Shift+B","Editing Java Source","org.eclipse.jdt.ui.edit.text.java.gotoBreadcrumb"
"Text Editing","Select Line End","Shift+End","Editing Text","org.eclipse.ui.edit.text.select.lineEnd"
"Text Editing","Select Previous Word","Ctrl+Shift+Left","Editing Text","org.eclipse.ui.edit.text.select.wordPrevious"
"Navigate","Expand All","Ctrl+Shift+Numpad_Multiply","In Windows","org.eclipse.ui.navigate.expandAll"
"Task Editor","Maximize Part","Ctrl+Shift+M","In Tasks Editor","org.eclipse.mylyn.tasks.ui.command.maximizePart"
"Views","Show View","Alt+Shift+Q, Q","In Windows","org.eclipse.ui.views.showView"
"Navigate","Open Structure","Ctrl+F3","Editing Java Source","org.eclipse.jdt.ui.navigate.java.open.structure"
"Text Editing","Toggle Overwrite","Insert","Editing Text","org.eclipse.ui.edit.text.toggleOverwrite"
"Window","Previous Editor","Ctrl+Shift+F6","In Windows","org.eclipse.ui.window.previousEditor"
"Navigate","Collapse All","Ctrl+Shift+Numpad_Divide","In Windows","org.eclipse.ui.navigate.collapseAll"
"Refactor - Java","Show Refactor Quick Menu","Alt+Shift+T","In Windows","org.eclipse.jdt.ui.edit.text.java.refactor.quickMenu"
"Run/Debug","Debug JUnit Test","Alt+Shift+D, T","In Windows","org.eclipse.jdt.junit.junitShortcut.debug"
"Run/Debug","Debug Ant Build","Alt+Shift+D, Q","In Windows","org.eclipse.ant.ui.antShortcut.debug"
"Source","Quick Assist - Assign to field","Ctrl+2, F","Editing Java Source","org.eclipse.jdt.ui.correction.assignToField.assist"
"Search","Find Text in Workspace","Ctrl+Alt+G","In Windows","org.eclipse.search.ui.performTextSearchWorkspace"
"Source","Add Text Block","Ctrl+Shift+'","Editing Java Source","org.eclipse.jdt.ui.edit.text.java.add.textblock"
"Task Repositories","Mark Task Read","Alt+Shift+R","In Tasks View","org.eclipse.mylyn.tasks.ui.command.markTaskRead"
"Run/Debug","Debug Java Applet","Alt+Shift+D, A","In Windows","org.eclipse.jdt.debug.ui.javaAppletShortcut.debug"
"Window","Next Editor","Ctrl+F6","In Windows","org.eclipse.ui.window.nextEditor"
"Run/Debug","Add Memory Block","Ctrl+Alt+M","In Memory View","org.eclipse.debug.ui.commands.addMemoryMonitor"
"Navigate","Open Declaration","F3","In Windows","org.eclipse.jdt.ui.edit.text.java.open.editor"
"Task Repositories","Show Tooltip Description","F4","In Tasks View","org.eclipse.mylyn.tasks.ui.command.showToolTip"
"Text Editing","Previous Word","Ctrl+Left","Editing Text","org.eclipse.ui.edit.text.goto.wordPrevious"
"Navigate","Previous Edit Location","Ctrl+Q","In Windows","org.eclipse.ui.edit.text.gotoLastEditPosition"
"Git","Pull","Ctrl+Shift+U","In Windows","org.eclipse.egit.ui.team.Pull"
"Navigate","Open Resource","Ctrl+Shift+R","In Windows","org.eclipse.ui.navigate.openResource"
"Run/Debug","Resume","F8","Debugging","org.eclipse.debug.ui.commands.Resume"
"Text Editing","Show Tooltip Description","F2","Editing Text","org.eclipse.ui.edit.text.showInformation"
"Window","Show Key Assist","Ctrl+Shift+L","In Dialogs and Windows","org.eclipse.ui.window.showKeyAssist"
"Search","References in Project","Ctrl+Shift+G","In Windows","org.eclipse.jdt.ui.edit.text.java.search.references.in.project"
"Views","Show View (Cheat Sheets)","Alt+Shift+Q, H","In Windows","org.eclipse.ui.views.showView"
"Navigate","Show In...","Alt+Shift+W","In Windows","org.eclipse.ui.navigate.showInQuickMenu"
"Text Editing","Move Lines Up","Alt+Up","Editing Text","org.eclipse.ui.edit.text.moveLineUp"
"Views","Show View (Type Hierarchy)","Alt+Shift+Q, T","In Windows","org.eclipse.ui.views.showView"
"File","Refresh","F5","In Windows","org.eclipse.ui.file.refresh"
"Git","Branch","Ctrl+Shift+S","In Windows","org.eclipse.egit.ui.team.Branch"
"Text Editing","To Upper Case","Ctrl+Shift+X","Editing Text","org.eclipse.ui.edit.text.upperCase"
"File","New menu","Alt+Shift+N","In Windows","org.eclipse.ui.file.newQuickMenu"
